{"client_meta":{"background_color":{"r":0.2211538404226303,"g":0.2211538404226303,"b":0.2211538404226303,"a":1},"thumbnail_size":{"width":400,"height":374},"render_coordinates":{"x":-3422,"y":-632,"width":8026,"height":7497}},"file_name":"Бу оборудование","developer_related_links":[],"exported_at":"2026-03-25T13:27:01.722Z"}